{"cameraMode":{"drawMode":0,"name":"Shaded","section":"Shading Mode"},"sceneLighting":true,"audioPlay":false,"sceneViewState":{"showFog":true,"showMaterialUpdate":false,"showSkybox":true,"showFlares":true,"showImageEffects":true,"showParticleSystems":true},"in2DMode":false,"pivot":{"x":196.55882263183595,"y":99.263671875,"z":-215.41717529296876},"rotation":{"x":0.28689223527908327,"y":0.09606959670782089,"z":-0.028929973021149637,"w":0.9526944160461426},"size":378.8426208496094,"orthographic":false}